INSERT INTO public.weapons (weaponid, ammo_slots, bloodline_rank, dualwieldable, name, price, slots)
VALUES ('combat_axe', 0, 1, false, 'Combat Axe', 15, 2);
INSERT INTO public.weapons (weaponid, ammo_slots, bloodline_rank, dualwieldable, name, price, slots)
VALUES ('machete', 0, 1, false, 'Machete', 18, 2);
INSERT INTO public.weapons (weaponid, ammo_slots, bloodline_rank, dualwieldable, name, price, slots)
VALUES ('nagant_m1895', 1, 1, true, 'Nagant M1895', 24, 1);
INSERT INTO public.weapons (weaponid, ammo_slots, bloodline_rank, dualwieldable, name, price, slots)
VALUES ('nagant_m1895_precision', 1, 1, false, 'Nagant M1895 Precision', 29, 2);
INSERT INTO public.weapons (weaponid, ammo_slots, bloodline_rank, dualwieldable, name, price, slots)
VALUES ('nagant_m1895_silencer', 1, 1, true, 'Nagant M1895 Silencer', 93, 1);
INSERT INTO public.weapons (weaponid, ammo_slots, bloodline_rank, dualwieldable, name, price, slots)
VALUES ('nagant_m1895_deadeye', 1, 1, false, 'Nagant M1895 Deadeye', 42, 2);
INSERT INTO public.weapons (weaponid, ammo_slots, bloodline_rank, dualwieldable, name, price, slots)
VALUES ('romero_77', 2, 1, false, 'Romero 77', 66, 3);
INSERT INTO public.weapons (weaponid, ammo_slots, bloodline_rank, dualwieldable, name, price, slots)
VALUES ('romero_77_handcannon', 2, 1, false, 'Romero 77 Handcannon', 46, 2);
INSERT INTO public.weapons (weaponid, ammo_slots, bloodline_rank, dualwieldable, name, price, slots)
VALUES ('romero_77_talon', 2, 1, false, 'Romero 77 Talon', 84, 3);
INSERT INTO public.weapons (weaponid, ammo_slots, bloodline_rank, dualwieldable, name, price, slots)
VALUES ('romero_77_hatchet', 2, 1, false, 'Romero 77 Hatchet', 82, 2);
INSERT INTO public.weapons (weaponid, ammo_slots, bloodline_rank, dualwieldable, name, price, slots)
VALUES ('romero_77_alamo', 1, 1, false, 'Romero 77 Alamo', 98, 3);
INSERT INTO public.weapons (weaponid, ammo_slots, bloodline_rank, dualwieldable, name, price, slots)
VALUES ('scottfield_model3', 1, 1, true, 'Scottfield Model 3', 77, 1);
INSERT INTO public.weapons (weaponid, ammo_slots, bloodline_rank, dualwieldable, name, price, slots)
VALUES ('scottfield_model3_brawler', 1, 1, true, 'Scottfield Model 3 Brawler', 92, 1);
INSERT INTO public.weapons (weaponid, ammo_slots, bloodline_rank, dualwieldable, name, price, slots)
VALUES ('scottfield_model3_spitfire', 1, 1, true, 'Scottfield Model 3 Spitfire', 108, 1);
INSERT INTO public.weapons (weaponid, ammo_slots, bloodline_rank, dualwieldable, name, price, slots)
VALUES ('scottfield_model3_precision', 1, 1, false, 'Scottfield Model 3 Precision', 85, 2);
INSERT INTO public.weapons (weaponid, ammo_slots, bloodline_rank, dualwieldable, name, price, slots)
VALUES ('scottfield_model3_swift', 1, 1, true, 'Scottfield Model 3 Swift', 95, 1);
INSERT INTO public.weapons (weaponid, ammo_slots, bloodline_rank, dualwieldable, name, price, slots)
VALUES ('springfield_1866', 2, 1, false, 'Springfield 1866', 38, 3);
INSERT INTO public.weapons (weaponid, ammo_slots, bloodline_rank, dualwieldable, name, price, slots)
VALUES ('springfield_1866_marksman', 2, 1, false, 'Springfield 1866 Marksman', 73, 3);
INSERT INTO public.weapons (weaponid, ammo_slots, bloodline_rank, dualwieldable, name, price, slots)
VALUES ('springfield_1866_compact', 2, 1, false, 'Springfield 1866 Compact', 33, 2);
INSERT INTO public.weapons (weaponid, ammo_slots, bloodline_rank, dualwieldable, name, price, slots)
VALUES ('springfield_1866_compact_striker', 2, 1, false, 'Springfield 1866 Compact Striker', 56, 2);
INSERT INTO public.weapons (weaponid, ammo_slots, bloodline_rank, dualwieldable, name, price, slots)
VALUES ('springfield_1866_compact_deadeye', 2, 1, false, 'Springfield 1866 Compact Deadeye', 46, 2);
INSERT INTO public.weapons (weaponid, ammo_slots, bloodline_rank, dualwieldable, name, price, slots)
VALUES ('winfield_m1873c', 1, 1, false, 'Winfield M1873C', 41, 3);
INSERT INTO public.weapons (weaponid, ammo_slots, bloodline_rank, dualwieldable, name, price, slots)
VALUES ('winfield_m1873c_silencer', 1, 1, false, 'Winfield M1873C Silencer', 55, 3);
INSERT INTO public.weapons (weaponid, ammo_slots, bloodline_rank, dualwieldable, name, price, slots)
VALUES ('winfield_m1873c_marksman', 1, 1, false, 'Winfield M1873C Marksman', 56, 3);
INSERT INTO public.weapons (weaponid, ammo_slots, bloodline_rank, dualwieldable, name, price, slots)
VALUES ('winfield_m1873c_vandal', 1, 1, false, 'Winfield M1873C Vandal', 35, 2);
INSERT INTO public.weapons (weaponid, ammo_slots, bloodline_rank, dualwieldable, name, price, slots)
VALUES ('winfield_m1873c_striker', 1, 1, false, 'Winfield M1873C Striker', 39, 2);
INSERT INTO public.weapons (weaponid, ammo_slots, bloodline_rank, dualwieldable, name, price, slots)
VALUES ('winfield_m1873c_vandal_deadeye', 1, 1, false, 'Winfield M1873C Vandal Deadeye', 45, 2);
INSERT INTO public.weapons (weaponid, ammo_slots, bloodline_rank, dualwieldable, name, price, slots)
VALUES ('winfield_1887_terminus', 1, 4, false, 'Winfield 1887 Terminus', 238, 3);
INSERT INTO public.weapons (weaponid, ammo_slots, bloodline_rank, dualwieldable, name, price, slots)
VALUES ('winfield_1887_terminus_handcannon', 1, 4, false, 'Winfield 1887 Handcannon', 218, 2);
INSERT INTO public.weapons (weaponid, ammo_slots, bloodline_rank, dualwieldable, name, price, slots)
VALUES ('martini_henry_ic1', 2, 9, false, 'Martini-Henry IC1', 122, 3);
INSERT INTO public.weapons (weaponid, ammo_slots, bloodline_rank, dualwieldable, name, price, slots)
VALUES ('martini_henry_ic1_deadeye', 2, 9, false, 'Martini-Henry IC1 Deadeye', 145, 3);
INSERT INTO public.weapons (weaponid, ammo_slots, bloodline_rank, dualwieldable, name, price, slots)
VALUES ('martini_henry_ic1_riposte', 2, 9, false, 'Martini-Henry IC1 Riposte', 164, 3);
INSERT INTO public.weapons (weaponid, ammo_slots, bloodline_rank, dualwieldable, name, price, slots)
VALUES ('martini_henry_ic1_marksman', 2, 9, false, 'Martini-Henry IC1 Marksman', 173, 3);
INSERT INTO public.weapons (weaponid, ammo_slots, bloodline_rank, dualwieldable, name, price, slots)
VALUES ('martini_henry_ic1_ironside', 1, 9, false, 'Martini-Henry IC1 Ironside', 184, 3);
INSERT INTO public.weapons (weaponid, ammo_slots, bloodline_rank, dualwieldable, name, price, slots)
VALUES ('caldwell_92_new_army', 1, 12, true, 'Caldwell 92 New Army', 90, 1);
INSERT INTO public.weapons (weaponid, ammo_slots, bloodline_rank, dualwieldable, name, price, slots)
VALUES ('vetterli_71_karabiner', 1, 14, false, 'Vetterli 71 Karabiner', 105, 3);
INSERT INTO public.weapons (weaponid, ammo_slots, bloodline_rank, dualwieldable, name, price, slots)
VALUES ('vetterli_71_karabiner_deadeye', 1, 14, false, 'Vetterli 71 Karabiner Deadeye', 130, 3);
INSERT INTO public.weapons (weaponid, ammo_slots, bloodline_rank, dualwieldable, name, price, slots)
VALUES ('vetterli_71_karabiner_marksman', 1, 14, false, 'Vetterli 71 Karabiner Marksman', 190, 3);
INSERT INTO public.weapons (weaponid, ammo_slots, bloodline_rank, dualwieldable, name, price, slots)
VALUES ('vetterli_71_karabiner_bayonet', 1, 14, false, 'Vetterli 71 Karabiner Bayonet', 155, 3);
INSERT INTO public.weapons (weaponid, ammo_slots, bloodline_rank, dualwieldable, name, price, slots)
VALUES ('vetterli_71_karabiner_silencer', 1, 14, false, 'Vetterli 71 Karabiner Silencer', 150, 3);
INSERT INTO public.weapons (weaponid, ammo_slots, bloodline_rank, dualwieldable, name, price, slots)
VALUES ('caldwell_rival_78', 1, 16, false, 'Caldwell Rival 78', 150, 3);
INSERT INTO public.weapons (weaponid, ammo_slots, bloodline_rank, dualwieldable, name, price, slots)
VALUES ('caldwell_rival_78_handcannon', 1, 16, false, 'Caldwell Rival 78 Handcannon', 125, 2);
INSERT INTO public.weapons (weaponid, ammo_slots, bloodline_rank, dualwieldable, name, price, slots)
VALUES ('caldwell_conversion_pistol', 1, 18, true, 'Caldwell Conversion Pistol', 55, 1);
INSERT INTO public.weapons (weaponid, ammo_slots, bloodline_rank, dualwieldable, name, price, slots)
VALUES ('caldwell_conversion_chain_pistol', 1, 18, true, 'Caldwell Conversion Chain Pistol', 84, 1);
INSERT INTO public.weapons (weaponid, ammo_slots, bloodline_rank, dualwieldable, name, price, slots)
VALUES ('caldwell_conversion_uppercut', 1, 18, true, 'Caldwell Conversion Uppercut', 414, 1);
INSERT INTO public.weapons (weaponid, ammo_slots, bloodline_rank, dualwieldable, name, price, slots)
VALUES ('handcrossbow', 2, 21, false, 'Hand Crossbow', 30, 1);
INSERT INTO public.weapons (weaponid, ammo_slots, bloodline_rank, dualwieldable, name, price, slots)
VALUES ('crossbow', 2, 21, false, 'Crossbow', 50, 3);
INSERT INTO public.weapons (weaponid, ammo_slots, bloodline_rank, dualwieldable, name, price, slots)
VALUES ('winfield_m1876_centennial', 1, 24, false, 'Winfield M1876 Centennial', 157, 3);
INSERT INTO public.weapons (weaponid, ammo_slots, bloodline_rank, dualwieldable, name, price, slots)
VALUES ('winfield_m1876_centennial_sniper', 1, 24, false, 'Winfield M1876 Centennial Sniper', 229, 3);
INSERT INTO public.weapons (weaponid, ammo_slots, bloodline_rank, dualwieldable, name, price, slots)
VALUES ('winfield_m1876_centennial_trauma', 1, 24, false, 'Winfield M1876 Centennial Trauma', 200, 3);
INSERT INTO public.weapons (weaponid, ammo_slots, bloodline_rank, dualwieldable, name, price, slots)
VALUES ('winfield_m1876_centennial_shorty', 1, 24, false, 'Winfield M1876 Centennial Shorty', 103, 2);
INSERT INTO public.weapons (weaponid, ammo_slots, bloodline_rank, dualwieldable, name, price, slots)
VALUES ('winfield_m1876_centennial_shorty_silencer', 1, 24, false, 'Winfield M1876 Centennial Shorty Silencer', 137, 2);
INSERT INTO public.weapons (weaponid, ammo_slots, bloodline_rank, dualwieldable, name, price, slots)
VALUES ('winfield_m1873', 1, 27, false, 'Winfield M1873', 75, 3);
INSERT INTO public.weapons (weaponid, ammo_slots, bloodline_rank, dualwieldable, name, price, slots)
VALUES ('caldwell_pax', 1, 30, true, 'Caldwell Pax', 80, 1);
INSERT INTO public.weapons (weaponid, ammo_slots, bloodline_rank, dualwieldable, name, price, slots)
VALUES ('sparks_lrr', 2, 32, false, 'Sparks LRR', 130, 3);
INSERT INTO public.weapons (weaponid, ammo_slots, bloodline_rank, dualwieldable, name, price, slots)
VALUES ('sparks_lrr_silencer', 2, 32, false, 'Sparks LRR Silencer', 150, 3);
INSERT INTO public.weapons (weaponid, ammo_slots, bloodline_rank, dualwieldable, name, price, slots)
VALUES ('sparks_lrr_sniper', 2, 32, false, 'Sparks LRR Sniper', 199, 3);
INSERT INTO public.weapons (weaponid, ammo_slots, bloodline_rank, dualwieldable, name, price, slots)
VALUES ('bornheim_no3_match', 1, 35, false, 'Bornheim No.3 Match', 180, 2);
INSERT INTO public.weapons (weaponid, ammo_slots, bloodline_rank, dualwieldable, name, price, slots)
VALUES ('bornheim_no3_extended', 1, 35, true, 'Bornheim No.3 Extended', 203, 1);
INSERT INTO public.weapons (weaponid, ammo_slots, bloodline_rank, dualwieldable, name, price, slots)
VALUES ('specter_1882', 1, 38, false, 'Specter 1882', 188, 3);
INSERT INTO public.weapons (weaponid, ammo_slots, bloodline_rank, dualwieldable, name, price, slots)
VALUES ('specter_1882_compact', 1, 38, false, 'Specter 1882 Compact', 164, 2);
INSERT INTO public.weapons (weaponid, ammo_slots, bloodline_rank, dualwieldable, name, price, slots)
VALUES ('specter_1882_bayonet', 1, 38, false, 'Specter 1882 Bayonet', 223, 3);
INSERT INTO public.weapons (weaponid, ammo_slots, bloodline_rank, dualwieldable, name, price, slots)
VALUES ('cavalry_saber', 0, 42, false, 'Cavalry Saber', 60, 1);
INSERT INTO public.weapons (weaponid, ammo_slots, bloodline_rank, dualwieldable, name, price, slots)
VALUES ('lemat_mark_2', 2, 46, true, 'LeMat Mark II', 95, 1);
INSERT INTO public.weapons (weaponid, ammo_slots, bloodline_rank, dualwieldable, name, price, slots)
VALUES ('berthier_mle_1892', 2, 48, false, 'Berthier Mle 1892', 356, 3);
INSERT INTO public.weapons (weaponid, ammo_slots, bloodline_rank, dualwieldable, name, price, slots)
VALUES ('lebel_1886', 1, 52, false, 'Lebel 1886', 397, 3);
INSERT INTO public.weapons (weaponid, ammo_slots, bloodline_rank, dualwieldable, name, price, slots)
VALUES ('lebel_1886_arpeture', 1, 52, false, 'Lebel 1886 Arpeture', 425, 3);
INSERT INTO public.weapons (weaponid, ammo_slots, bloodline_rank, dualwieldable, name, price, slots)
VALUES ('lebel_1886_talon', 1, 52, false, 'Lebel 1886 Talon', 422, 3);
INSERT INTO public.weapons (weaponid, ammo_slots, bloodline_rank, dualwieldable, name, price, slots)
VALUES ('lebel_1886_marksman', 1, 52, false, 'Lebel 1886 Marksman', 607, 3);
INSERT INTO public.weapons (weaponid, ammo_slots, bloodline_rank, dualwieldable, name, price, slots)
VALUES ('bow', 2, 54, false, 'Hunting Bow', 57, 2);
INSERT INTO public.weapons (weaponid, ammo_slots, bloodline_rank, dualwieldable, name, price, slots)
VALUES ('nagant_m1895_officer', 1, 56, true, 'Nagant M1895 Officer', 96, 1);
INSERT INTO public.weapons (weaponid, ammo_slots, bloodline_rank, dualwieldable, name, price, slots)
VALUES ('nagant_m1895_officer_brawler', 1, 56, true, 'Nagant M1895 Officer Brawler', 110, 1);
INSERT INTO public.weapons (weaponid, ammo_slots, bloodline_rank, dualwieldable, name, price, slots)
VALUES ('nagant_m1895_officer_carbine', 1, 56, false, 'Nagant M1895 Officer Carbine', 155, 3);
INSERT INTO public.weapons (weaponid, ammo_slots, bloodline_rank, dualwieldable, name, price, slots)
VALUES ('nagant_m1895_officer_carbine_deadeye', 1, 56, false, 'Nagant M1895 Officer Carbine Deadeye', 211, 3);
INSERT INTO public.weapons (weaponid, ammo_slots, bloodline_rank, dualwieldable, name, price, slots)
VALUES ('springfield_m1892_krag', 1, 62, false, 'Springfield M1892 Krag', 376, 3);
INSERT INTO public.weapons (weaponid, ammo_slots, bloodline_rank, dualwieldable, name, price, slots)
VALUES ('springfield_m1892_krag_bayonet', 1, 62, false, 'Springfield M1892 Krag Bayonet', 426, 3);
INSERT INTO public.weapons (weaponid, ammo_slots, bloodline_rank, dualwieldable, name, price, slots)
VALUES ('winfield_m1873_talon', 1, 27, false, 'Winfield M1873 Talon', 100, 3);
INSERT INTO public.weapons (weaponid, ammo_slots, bloodline_rank, dualwieldable, name, price, slots)
VALUES ('winfield_m1873_swift', 1, 27, false, 'Winfield M1873 Swift', 128, 3);
INSERT INTO public.weapons (weaponid, ammo_slots, bloodline_rank, dualwieldable, name, price, slots)
VALUES ('winfield_m1873_musket_bayonet', 1, 27, false, 'Winfield M1873 Musket Bayonet', 137, 3);
INSERT INTO public.weapons (weaponid, ammo_slots, bloodline_rank, dualwieldable, name, price, slots)
VALUES ('sparks_pistol', 2, 32, true, 'Sparks Pistol', 155, 1);
INSERT INTO public.weapons (weaponid, ammo_slots, bloodline_rank, dualwieldable, name, price, slots)
VALUES ('berthier_mle_1892_deadeye', 2, 48, false, 'Berthier Mle 1892 Deadeye', 388, 3);
INSERT INTO public.weapons (weaponid, ammo_slots, bloodline_rank, dualwieldable, name, price, slots)
VALUES ('lemat_mark_2_carbine', 2, 46, false, 'LeMat Mark II Carbine', 130, 3);
INSERT INTO public.weapons (weaponid, ammo_slots, bloodline_rank, dualwieldable, name, price, slots)
VALUES ('berthier_mle_1892_riposte', 2, 48, false, 'Berthier Mle 1892 Riposte', 370, 3);
INSERT INTO public.weapons (weaponid, ammo_slots, bloodline_rank, dualwieldable, name, price, slots)
VALUES ('springfield_m1892_krag_sniper', 1, 62, false, 'Springfield M1892 Krag Sniper', 579, 3);
INSERT INTO public.weapons (weaponid, ammo_slots, bloodline_rank, dualwieldable, name, price, slots)
VALUES ('dolch_96_precision', 0, 71, false, 'Dolch 96 Precision', 790, 2);
INSERT INTO public.weapons (weaponid, ammo_slots, bloodline_rank, dualwieldable, name, price, slots)
VALUES ('mosin_nagant_m1891', 1, 75, false, 'Mosin-Nagant M1891', 490, 3);
INSERT INTO public.weapons (weaponid, ammo_slots, bloodline_rank, dualwieldable, name, price, slots)
VALUES ('bomblance', 1, 78, false, 'Bomb Lance', 199, 3);
INSERT INTO public.weapons (weaponid, ammo_slots, bloodline_rank, dualwieldable, name, price, slots)
VALUES ('crown_king_auto5', 1, 82, false, 'Corwn & King Auto-5', 600, 3);
INSERT INTO public.weapons (weaponid, ammo_slots, bloodline_rank, dualwieldable, name, price, slots)
VALUES ('nitro_express_rifle', 1, 90, false, 'Nitro Express Rifle', 1015, 3);
INSERT INTO public.weapons (weaponid, ammo_slots, bloodline_rank, dualwieldable, name, price, slots)
VALUES ('winfield_m1873_arpeture', 1, 27, false, 'Winfield M1873 Arpeture', 80, 3);
INSERT INTO public.weapons (weaponid, ammo_slots, bloodline_rank, dualwieldable, name, price, slots)
VALUES ('mosin_nagant_m1891_bayonet', 1, 75, false, 'Mosin-Nagant M1891 Bayonet', 540, 3);
INSERT INTO public.weapons (weaponid, ammo_slots, bloodline_rank, dualwieldable, name, price, slots)
VALUES ('mosin_nagant_m1891_obrez_drum', 1, 75, false, 'Mosin-Nagant M1891 Obrez Drum', 350, 2);
INSERT INTO public.weapons (weaponid, ammo_slots, bloodline_rank, dualwieldable, name, price, slots)
VALUES ('mosin_nagant_m1891_avtomat', 1, 75, false, 'Mosin-Nagant M1891 Avtomat', 1250, 3);
INSERT INTO public.weapons (weaponid, ammo_slots, bloodline_rank, dualwieldable, name, price, slots)
VALUES ('mosin_nagant_m1891_sniper', 1, 75, false, 'Mosin-Nagant M1891 Sniper', 730, 3);
INSERT INTO public.weapons (weaponid, ammo_slots, bloodline_rank, dualwieldable, name, price, slots)
VALUES ('bornheim_no3', 1, 35, true, 'Bornheim No.3', 146, 1);
INSERT INTO public.weapons (weaponid, ammo_slots, bloodline_rank, dualwieldable, name, price, slots)
VALUES ('caldwell_pax_claw', 1, 30, true, 'Caldwell Pax Claw', 105, 1);
INSERT INTO public.weapons (weaponid, ammo_slots, bloodline_rank, dualwieldable, name, price, slots)
VALUES ('mosin_nagant_m1891_obrez', 1, 75, false, 'Mosin-Nagant m1891 Obrez', 290, 2);
INSERT INTO public.weapons (weaponid, ammo_slots, bloodline_rank, dualwieldable, name, price, slots)
VALUES ('winfield_1893_slate', 1, 65, false, 'Winfield 1893 Slate', 333, 3);
INSERT INTO public.weapons (weaponid, ammo_slots, bloodline_rank, dualwieldable, name, price, slots)
VALUES ('dolch_96', 0, 71, true, 'Dolch 96', 750, 1);
INSERT INTO public.weapons (weaponid, ammo_slots, bloodline_rank, dualwieldable, name, price, slots)
VALUES ('mosin_nagant_m1891_obrez_mace', 1, 75, false, 'Mosin-Nagant M1891 Obrez Mace', 310, 2);
INSERT INTO public.ammunitions (ammoid, name, price, type_of_ammo)
VALUES ('compact', 'Compact', 0, 'standard');
INSERT INTO public.ammunitions (ammoid, name, price, type_of_ammo)
VALUES ('FMJ_compact', 'Full Metal Jacket', 50, 'special');
INSERT INTO public.ammunitions (ammoid, name, price, type_of_ammo)
VALUES ('DUMDUM_compact', 'Dumdum', 50, 'special');
INSERT INTO public.ammunitions (ammoid, name, price, type_of_ammo)
VALUES ('HV_compact', 'High Velocity', 50, 'special');
INSERT INTO public.ammunitions (ammoid, name, price, type_of_ammo)
VALUES ('FIRE_compact', 'Incendiary', 10, 'special');
INSERT INTO public.ammunitions (ammoid, name, price, type_of_ammo)
VALUES ('POISON_compact', 'Poison ', 50, 'special');
INSERT INTO public.ammunitions (ammoid, name, price, type_of_ammo)
VALUES ('medium', 'Medium', 0, 'standard');
INSERT INTO public.ammunitions (ammoid, name, price, type_of_ammo)
VALUES ('FMJ_medium', 'Full Metal Jacket', 50, 'special');
INSERT INTO public.ammunitions (ammoid, name, price, type_of_ammo)
VALUES ('DUMDUM_medium', 'Dumdum', 50, 'special');
INSERT INTO public.ammunitions (ammoid, name, price, type_of_ammo)
VALUES ('HV_medium', 'High Velocity', 50, 'special');
INSERT INTO public.ammunitions (ammoid, name, price, type_of_ammo)
VALUES ('FIRE_medium', 'Incendiary', 10, 'special');
INSERT INTO public.ammunitions (ammoid, name, price, type_of_ammo)
VALUES ('POISON_medium', 'Poison', 50, 'special');
INSERT INTO public.ammunitions (ammoid, name, price, type_of_ammo)
VALUES ('POISON_medium_twoslot', 'Poison', 25, 'special');
INSERT INTO public.ammunitions (ammoid, name, price, type_of_ammo)
VALUES ('DUMDUM_medium_twoslot', 'Dumdum', 25, 'special');
INSERT INTO public.ammunitions (ammoid, name, price, type_of_ammo)
VALUES ('EXPLO_medium_twoslot', 'Explosive', 45, 'special');
INSERT INTO public.ammunitions (ammoid, name, price, type_of_ammo)
VALUES ('long', 'Long', 0, 'standard');
INSERT INTO public.ammunitions (ammoid, name, price, type_of_ammo)
VALUES ('FMJ_long', 'Full Metal Jacket', 60, 'special');
INSERT INTO public.ammunitions (ammoid, name, price, type_of_ammo)
VALUES ('SPITZER_long', 'Spitzer', 150, 'special');
INSERT INTO public.ammunitions (ammoid, name, price, type_of_ammo)
VALUES ('FIRE_long', 'Incendiary', 20, 'special');
INSERT INTO public.ammunitions (ammoid, name, price, type_of_ammo)
VALUES ('POISON_long', 'Poison', 60, 'special');
INSERT INTO public.ammunitions (ammoid, name, price, type_of_ammo)
VALUES ('EXPLO_long', 'Explosive', 100, 'special');
INSERT INTO public.ammunitions (ammoid, name, price, type_of_ammo)
VALUES ('FMJ_long_twoslot', 'Full Metal Jacket', 30, 'special');
INSERT INTO public.ammunitions (ammoid, name, price, type_of_ammo)
VALUES ('POISON_long_twoslot', 'Poison', 30, 'special');
INSERT INTO public.ammunitions (ammoid, name, price, type_of_ammo)
VALUES ('FIRE_long_twoslot', 'Incendiary', 10, 'special');
INSERT INTO public.ammunitions (ammoid, name, price, type_of_ammo)
VALUES ('SPITZER_long_twoslot', 'Spitzer', 75, 'special');
INSERT INTO public.ammunitions (ammoid, name, price, type_of_ammo)
VALUES ('EXPLO_long_twoslot', 'Explosive', 50, 'special');
INSERT INTO public.ammunitions (ammoid, name, price, type_of_ammo)
VALUES ('buckshot', 'Buckshot', 0, 'standard');
INSERT INTO public.ammunitions (ammoid, name, price, type_of_ammo)
VALUES ('FLECHETTE_shotgun', 'Flechette', 40, 'special');
INSERT INTO public.ammunitions (ammoid, name, price, type_of_ammo)
VALUES ('SLUG_shotgun', 'Slug', 130, 'special');
INSERT INTO public.ammunitions (ammoid, name, price, type_of_ammo)
VALUES ('PENNY_shotgun', 'Penny Shot', 10, 'special');
INSERT INTO public.ammunitions (ammoid, name, price, type_of_ammo)
VALUES ('DRAGON_shotgun', 'Dragonbreath', 20, 'special');
INSERT INTO public.ammunitions (ammoid, name, price, type_of_ammo)
VALUES ('STARSHELL_shotgun', 'Starshell', 10, 'special');
INSERT INTO public.ammunitions (ammoid, name, price, type_of_ammo)
VALUES ('FLECHETTE_shotgun_twoslot', 'Flechette', 20, 'special');
INSERT INTO public.ammunitions (ammoid, name, price, type_of_ammo)
VALUES ('SLUG_shotgun_twoslot', 'Slug', 65, 'special');
INSERT INTO public.ammunitions (ammoid, name, price, type_of_ammo)
VALUES ('PENNY_shotgun_twoslot', 'Penny Shot', 5, 'special');
INSERT INTO public.ammunitions (ammoid, name, price, type_of_ammo)
VALUES ('DRAGON_shotgun_twoslot', 'Dragonbreath', 10, 'special');
INSERT INTO public.ammunitions (ammoid, name, price, type_of_ammo)
VALUES ('STARSHELL_shotgun_twoslot', 'Starshell', 5, 'special');
INSERT INTO public.ammunitions (ammoid, name, price, type_of_ammo)
VALUES ('bomblance', 'Explosive Dart', 0, 'standard');
INSERT INTO public.ammunitions (ammoid, name, price, type_of_ammo)
VALUES ('DRAGON_bomblance', 'Dragonbreath', 20, 'special');
INSERT INTO public.ammunitions (ammoid, name, price, type_of_ammo)
VALUES ('STEEL_bomblance', 'Steel Ball', 10, 'special');
INSERT INTO public.ammunitions (ammoid, name, price, type_of_ammo)
VALUES ('dolch', 'Dolch Ammo', 0, 'standard');
INSERT INTO public.ammunitions (ammoid, name, price, type_of_ammo)
VALUES ('handcrossbow', 'Dart', 0, 'standard');
INSERT INTO public.ammunitions (ammoid, name, price, type_of_ammo)
VALUES ('CHOKE_handcrossbow', 'Choke Bolt', 10, 'special');
INSERT INTO public.ammunitions (ammoid, name, price, type_of_ammo)
VALUES ('POISON_handcrossbow', 'Poison Bolt', 25, 'special');
INSERT INTO public.ammunitions (ammoid, name, price, type_of_ammo)
VALUES ('CHAOS_handcrossbow', 'Chaos Bolt', 10, 'special');
INSERT INTO public.ammunitions (ammoid, name, price, type_of_ammo)
VALUES ('crossbow', 'Bolt', 0, 'standard');
INSERT INTO public.ammunitions (ammoid, name, price, type_of_ammo)
VALUES ('EXPLO_crossbow', 'Explosive Bolt', 35, 'special');
INSERT INTO public.ammunitions (ammoid, name, price, type_of_ammo)
VALUES ('SHOTBOLT_crossbow', 'Shot Bolt', 40, 'special');
INSERT INTO public.ammunitions (ammoid, name, price, type_of_ammo)
VALUES ('bow', 'Arrow', 0, 'standard');
INSERT INTO public.ammunitions (ammoid, name, price, type_of_ammo)
VALUES ('CONCERTINA_bow', 'Concertina Arrow', 30, 'special');
INSERT INTO public.ammunitions (ammoid, name, price, type_of_ammo)
VALUES ('FRAG_bow', 'Frag Arrow', 70, 'special');
INSERT INTO public.ammunitions (ammoid, name, price, type_of_ammo)
VALUES ('POISON_bow', 'Poison Arrow', 25, 'special');
INSERT INTO public.ammunitions (ammoid, name, price, type_of_ammo)
VALUES ('nitro', 'Nitro', 0, 'standard');
INSERT INTO public.ammunitions (ammoid, name, price, type_of_ammo)
VALUES ('SHREDDER_nitro', 'Shredder', 225, 'special');
INSERT INTO public.ammunitions (ammoid, name, price, type_of_ammo)
VALUES ('EXPLO_nitro', 'Explosive', 200, 'special');
INSERT INTO public.consumables (consumableid, bloodline_rank, name, price, type)
VALUES ('liquid_fire_bomb', 1, 'Liquid Fire Bomb', 35, 'Fire');
INSERT INTO public.consumables (consumableid, bloodline_rank, name, price, type)
VALUES ('small_reg_shot', 1, 'Small Regeneration Shot', 20, 'Healing');
INSERT INTO public.consumables (consumableid, bloodline_rank, name, price, type)
VALUES ('stam_shot', 1, 'Stamina Shot', 100, 'Healing');
INSERT INTO public.consumables (consumableid, bloodline_rank, name, price, type)
VALUES ('reg_shot', 1, 'Regeneration Shot', 85, 'Healing');
INSERT INTO public.consumables (consumableid, bloodline_rank, name, price, type)
VALUES ('dynamite_stick', 6, 'Dynamite Stick', 18, 'Explosive');
INSERT INTO public.consumables (consumableid, bloodline_rank, name, price, type)
VALUES ('sticky_bomb', 6, 'Sticky Bomb', 64, 'Explosive');
INSERT INTO public.consumables (consumableid, bloodline_rank, name, price, type)
VALUES ('dynamite_bundle', 6, 'Dynamite Bundle', 75, 'Explosive');
INSERT INTO public.consumables (consumableid, bloodline_rank, name, price, type)
VALUES ('frag_bomb', 6, 'Frag Bomb', 103, 'Explosive');
INSERT INTO public.consumables (consumableid, bloodline_rank, name, price, type)
VALUES ('big_dynamite_bundle', 6, 'Big Dynamite Bundle', 110, 'Explosive');
INSERT INTO public.consumables (consumableid, bloodline_rank, name, price, type)
VALUES ('concertina_bomb', 40, 'Concertina Bomb', 48, 'Trap');
INSERT INTO public.consumables (consumableid, bloodline_rank, name, price, type)
VALUES ('hellfire_bomb', 1, 'Hellfire Bomb', 70, 'Fire');
INSERT INTO public.consumables (consumableid, bloodline_rank, name, price, type)
VALUES ('hive_bomb', 2, 'Hive Bomb', 40, 'Poison');
INSERT INTO public.consumables (consumableid, bloodline_rank, name, price, type)
VALUES ('ammo_box', 74, 'Ammo Box', 65, 'Utility');
INSERT INTO public.consumables (consumableid, bloodline_rank, name, price, type)
VALUES ('small_vitality_shot', 1, 'Small Vitality Shot', 20, 'Healing');
INSERT INTO public.consumables (consumableid, bloodline_rank, name, price, type)
VALUES ('chaos_bomb', 1, 'Chaos Bomb', 15, 'Deception');
INSERT INTO public.consumables (consumableid, bloodline_rank, name, price, type)
VALUES ('stalker_beetle', 15, 'Stalker Beetle', 45, 'Utility');
INSERT INTO public.consumables (consumableid, bloodline_rank, name, price, type)
VALUES ('flash_bomb', 40, 'Flash Bomb', 47, 'Deception');
INSERT INTO public.consumables (consumableid, bloodline_rank, name, price, type)
VALUES ('poison_bomb', 2, 'Poison Bomb', 25, 'Poison');
INSERT INTO public.consumables (consumableid, bloodline_rank, name, price, type)
VALUES ('small_antidote_shot', 2, 'Small Antidote Shot', 30, 'Healing');
INSERT INTO public.consumables (consumableid, bloodline_rank, name, price, type)
VALUES ('antidote_shot', 2, 'Antidote Shot', 55, 'Healing');
INSERT INTO public.consumables (consumableid, bloodline_rank, name, price, type)
VALUES ('vitality_shot', 1, 'Vitality Shot', 85, 'Healing');
INSERT INTO public.consumables (consumableid, bloodline_rank, name, price, type)
VALUES ('waxed_dynamite_stick', 6, 'Waxed Dynamite Stick', 24, 'Explosive');
INSERT INTO public.consumables (consumableid, bloodline_rank, name, price, type)
VALUES ('fire_bomb', 1, 'Fire Bomb', 30, 'Fire');
INSERT INTO public.consumables (consumableid, bloodline_rank, name, price, type)
VALUES ('small_stam_shot', 1, 'Small Stamina Shot', 60, 'Healing');
INSERT INTO public.tools (toolid, bloodline_rank, name, price, type)
VALUES ('choke_bombs', 1, 'Choke Bombs
', 25, 'Utility');
INSERT INTO public.tools (toolid, bloodline_rank, name, price, type)
VALUES ('throwing_axes', 1, 'Throwing Axes
', 30, 'Utility');
INSERT INTO public.tools (toolid, bloodline_rank, name, price, type)
VALUES ('decoy_fuses', 1, 'Decoy Fuses
', 30, 'Deception');
INSERT INTO public.tools (toolid, bloodline_rank, name, price, type)
VALUES ('alert_trip_mine', 1, 'Alert Trip Mines
', 30, 'Trap');
INSERT INTO public.tools (toolid, bloodline_rank, name, price, type)
VALUES ('blank_fire_decoys', 1, 'Blank Fire Decoys
', 45, 'Deception');
INSERT INTO public.tools (toolid, bloodline_rank, name, price, type)
VALUES ('fusees', 1, 'Fusees
', 10, 'Utility');
INSERT INTO public.tools (toolid, bloodline_rank, name, price, type)
VALUES ('flare_pistol', 1, 'Flare Pistol
', 36, 'Utility');
INSERT INTO public.tools (toolid, bloodline_rank, name, price, type)
VALUES ('throwing_knives', 1, 'Throwing Knives
', 40, 'Utility');
INSERT INTO public.tools (toolid, bloodline_rank, name, price, type)
VALUES ('quad_derringer', 80, 'Quad Derringer
', 30, 'Utility');
INSERT INTO public.tools (toolid, bloodline_rank, name, price, type)
VALUES ('spyglass', 1, 'Spyglass
', 8, 'Utility');
INSERT INTO public.tools (toolid, bloodline_rank, name, price, type)
VALUES ('electric_lamp', 1, 'Electric Lamp
', 5, 'Utility');
INSERT INTO public.tools (toolid, bloodline_rank, name, price, type)
VALUES ('knuckle_knife', 1, 'Knuckle Knife
', 15, 'Melee');
INSERT INTO public.tools (toolid, bloodline_rank, name, price, type)
VALUES ('poison_trip_mines', 2, 'Poison Trip Mines
', 30, 'Trap');
INSERT INTO public.tools (toolid, bloodline_rank, name, price, type)
VALUES ('decoys', 1, 'Decoys
', 6, 'Deception');
INSERT INTO public.tools (toolid, bloodline_rank, name, price, type)
VALUES ('dusters', 1, 'Dusters
', 15, 'Melee');
INSERT INTO public.tools (toolid, bloodline_rank, name, price, type)
VALUES ('concertina_trip_mines', 40, 'Concertina Trip Mines
', 90, 'Trap');
INSERT INTO public.tools (toolid, bloodline_rank, name, price, type)
VALUES ('first_aid_kit', 1, 'First Aid Kit
', 30, 'Healing');
INSERT INTO public.tools (toolid, bloodline_rank, name, price, type)
VALUES ('knife', 1, 'Knife
', 30, 'Melee');
INSERT INTO public.tools (toolid, bloodline_rank, name, price, type)
VALUES ('heavy_knife', 1, 'Heavy Knife
', 20, 'Melee');
/*
INSERT INTO public.weapons_ammunition_connection (weapons_weaponid, ammunitions_ammoid)
VALUES ('nagant_m1895', 'compact');
INSERT INTO public.weapons_ammunition_connection (weapons_weaponid, ammunitions_ammoid)
VALUES ('nagant_m1895', 'HV_compact');
INSERT INTO public.weapons_ammunition_connection (weapons_weaponid, ammunitions_ammoid)
VALUES ('nagant_m1895', 'POISON_compact');
INSERT INTO public.weapons_ammunition_connection (weapons_weaponid, ammunitions_ammoid)
VALUES ('nagant_m1895_precision', 'compact');
INSERT INTO public.weapons_ammunition_connection (weapons_weaponid, ammunitions_ammoid)
VALUES ('nagant_m1895_precision', 'HV_compact');
INSERT INTO public.weapons_ammunition_connection (weapons_weaponid, ammunitions_ammoid)
VALUES ('nagant_m1895_precision', 'POISON_compact');
INSERT INTO public.weapons_ammunition_connection (weapons_weaponid, ammunitions_ammoid)
VALUES ('nagant_m1895_silencer', 'compact');
INSERT INTO public.weapons_ammunition_connection (weapons_weaponid, ammunitions_ammoid)
VALUES ('nagant_m1895_silencer', 'HV_compact');
INSERT INTO public.weapons_ammunition_connection (weapons_weaponid, ammunitions_ammoid)
VALUES ('nagant_m1895_silencer', 'POISON_compact');
INSERT INTO public.weapons_ammunition_connection (weapons_weaponid, ammunitions_ammoid)
VALUES ('nagant_m1895_deadeye', 'compact');
INSERT INTO public.weapons_ammunition_connection (weapons_weaponid, ammunitions_ammoid)
VALUES ('nagant_m1895_deadeye', 'HV_compact');
INSERT INTO public.weapons_ammunition_connection (weapons_weaponid, ammunitions_ammoid)
VALUES ('nagant_m1895_deadeye', 'POISON_compact');
INSERT INTO public.weapons_ammunition_connection (weapons_weaponid, ammunitions_ammoid)
VALUES ('romero_77', 'buckshot');
INSERT INTO public.weapons_ammunition_connection (weapons_weaponid, ammunitions_ammoid)
VALUES ('romero_77', 'DRAGON_shotgun_twoslot');
INSERT INTO public.weapons_ammunition_connection (weapons_weaponid, ammunitions_ammoid)
VALUES ('romero_77', 'SLUG_shotgun_twoslot');
INSERT INTO public.weapons_ammunition_connection (weapons_weaponid, ammunitions_ammoid)
VALUES ('romero_77', 'PENNY_shotgun_twoslot');
INSERT INTO public.weapons_ammunition_connection (weapons_weaponid, ammunitions_ammoid)
VALUES ('romero_77', 'STARSHELL_shotgun_twoslot');
INSERT INTO public.weapons_ammunition_connection (weapons_weaponid, ammunitions_ammoid)
VALUES ('romero_77_handcannon', 'buckshot');
INSERT INTO public.weapons_ammunition_connection (weapons_weaponid, ammunitions_ammoid)
VALUES ('romero_77_handcannon', 'DRAGON_shotgun_twoslot');
INSERT INTO public.weapons_ammunition_connection (weapons_weaponid, ammunitions_ammoid)
VALUES ('romero_77_handcannon', 'SLUG_shotgun_twoslot');
INSERT INTO public.weapons_ammunition_connection (weapons_weaponid, ammunitions_ammoid)
VALUES ('romero_77_handcannon', 'PENNY_shotgun_twoslot');
INSERT INTO public.weapons_ammunition_connection (weapons_weaponid, ammunitions_ammoid)
VALUES ('romero_77_handcannon', 'STARSHELL_shotgun_twoslot');
INSERT INTO public.weapons_ammunition_connection (weapons_weaponid, ammunitions_ammoid)
VALUES ('romero_77_talon', 'buckshot');
INSERT INTO public.weapons_ammunition_connection (weapons_weaponid, ammunitions_ammoid)
VALUES ('romero_77_talon', 'DRAGON_shotgun_twoslot');
INSERT INTO public.weapons_ammunition_connection (weapons_weaponid, ammunitions_ammoid)
VALUES ('romero_77_talon', 'SLUG_shotgun_twoslot');
INSERT INTO public.weapons_ammunition_connection (weapons_weaponid, ammunitions_ammoid)
VALUES ('romero_77_talon', 'PENNY_shotgun_twoslot');
INSERT INTO public.weapons_ammunition_connection (weapons_weaponid, ammunitions_ammoid)
VALUES ('romero_77_talon', 'STARSHELL_shotgun_twoslot');
INSERT INTO public.weapons_ammunition_connection (weapons_weaponid, ammunitions_ammoid)
VALUES ('romero_77_hatchet', 'buckshot');
INSERT INTO public.weapons_ammunition_connection (weapons_weaponid, ammunitions_ammoid)
VALUES ('romero_77_hatchet', 'DRAGON_shotgun_twoslot');
INSERT INTO public.weapons_ammunition_connection (weapons_weaponid, ammunitions_ammoid)
VALUES ('romero_77_hatchet', 'SLUG_shotgun_twoslot');
INSERT INTO public.weapons_ammunition_connection (weapons_weaponid, ammunitions_ammoid)
VALUES ('romero_77_hatchet', 'PENNY_shotgun_twoslot');
INSERT INTO public.weapons_ammunition_connection (weapons_weaponid, ammunitions_ammoid)
VALUES ('romero_77_hatchet', 'STARSHELL_shotgun_twoslot');
INSERT INTO public.weapons_ammunition_connection (weapons_weaponid, ammunitions_ammoid)
VALUES ('romero_77_alamo', 'buckshot');
INSERT INTO public.weapons_ammunition_connection (weapons_weaponid, ammunitions_ammoid)
VALUES ('romero_77_alamo', 'DRAGON_shotgun');
INSERT INTO public.weapons_ammunition_connection (weapons_weaponid, ammunitions_ammoid)
VALUES ('romero_77_alamo', 'SLUG_shotgun');
INSERT INTO public.weapons_ammunition_connection (weapons_weaponid, ammunitions_ammoid)
VALUES ('romero_77_alamo', 'PENNY_shotgun');
INSERT INTO public.weapons_ammunition_connection (weapons_weaponid, ammunitions_ammoid)
VALUES ('romero_77_alamo', 'STARSHELL_shotgun');
INSERT INTO public.weapons_ammunition_connection (weapons_weaponid, ammunitions_ammoid)
VALUES ('scottfield_model3', 'medium');
INSERT INTO public.weapons_ammunition_connection (weapons_weaponid, ammunitions_ammoid)
VALUES ('scottfield_model3', 'FIRE_medium');
INSERT INTO public.weapons_ammunition_connection (weapons_weaponid, ammunitions_ammoid)
VALUES ('scottfield_model3', 'FMJ_medium');
INSERT INTO public.weapons_ammunition_connection (weapons_weaponid, ammunitions_ammoid)
VALUES ('scottfield_model3_brawler', 'medium');
INSERT INTO public.weapons_ammunition_connection (weapons_weaponid, ammunitions_ammoid)
VALUES ('scottfield_model3_brawler', 'FIRE_medium');
INSERT INTO public.weapons_ammunition_connection (weapons_weaponid, ammunitions_ammoid)
VALUES ('scottfield_model3_brawler', 'FMJ_medium');
INSERT INTO public.weapons_ammunition_connection (weapons_weaponid, ammunitions_ammoid)
VALUES ('scottfield_model3_spitfire', 'medium');
INSERT INTO public.weapons_ammunition_connection (weapons_weaponid, ammunitions_ammoid)
VALUES ('scottfield_model3_spitfire', 'FIRE_medium');
INSERT INTO public.weapons_ammunition_connection (weapons_weaponid, ammunitions_ammoid)
VALUES ('scottfield_model3_spitfire', 'FMJ_medium');
INSERT INTO public.weapons_ammunition_connection (weapons_weaponid, ammunitions_ammoid)
VALUES ('scottfield_model3_precision', 'medium');
INSERT INTO public.weapons_ammunition_connection (weapons_weaponid, ammunitions_ammoid)
VALUES ('scottfield_model3_precision', 'FIRE_medium');
INSERT INTO public.weapons_ammunition_connection (weapons_weaponid, ammunitions_ammoid)
VALUES ('scottfield_model3_precision', 'FMJ_medium');
INSERT INTO public.weapons_ammunition_connection (weapons_weaponid, ammunitions_ammoid)
VALUES ('scottfield_model3_swift', 'medium');
INSERT INTO public.weapons_ammunition_connection (weapons_weaponid, ammunitions_ammoid)
VALUES ('scottfield_model3_swift', 'FIRE_medium');
INSERT INTO public.weapons_ammunition_connection (weapons_weaponid, ammunitions_ammoid)
VALUES ('scottfield_model3_swift', 'FMJ_medium');
INSERT INTO public.weapons_ammunition_connection (weapons_weaponid, ammunitions_ammoid)
VALUES ('springfield_1866', 'medium');
INSERT INTO public.weapons_ammunition_connection (weapons_weaponid, ammunitions_ammoid)
VALUES ('springfield_1866', 'DUMDUM_medium_twoslot');
INSERT INTO public.weapons_ammunition_connection (weapons_weaponid, ammunitions_ammoid)
VALUES ('springfield_1866', 'POISON_medium_twoslot');
INSERT INTO public.weapons_ammunition_connection (weapons_weaponid, ammunitions_ammoid)
VALUES ('springfield_1866', 'EXPLO_medium_twoslot');
INSERT INTO public.weapons_ammunition_connection (weapons_weaponid, ammunitions_ammoid)
VALUES ('springfield_1866_marksman', 'medium');
INSERT INTO public.weapons_ammunition_connection (weapons_weaponid, ammunitions_ammoid)
VALUES ('springfield_1866_marksman', 'DUMDUM_medium_twoslot');
INSERT INTO public.weapons_ammunition_connection (weapons_weaponid, ammunitions_ammoid)
VALUES ('springfield_1866_marksman', 'POISON_medium_twoslot');
INSERT INTO public.weapons_ammunition_connection (weapons_weaponid, ammunitions_ammoid)
VALUES ('springfield_1866_marksman', 'EXPLO_medium_twoslot');
INSERT INTO public.weapons_ammunition_connection (weapons_weaponid, ammunitions_ammoid)
VALUES ('springfield_1866_compact', 'medium');
INSERT INTO public.weapons_ammunition_connection (weapons_weaponid, ammunitions_ammoid)
VALUES ('springfield_1866_compact', 'DUMDUM_medium_twoslot');
INSERT INTO public.weapons_ammunition_connection (weapons_weaponid, ammunitions_ammoid)
VALUES ('springfield_1866_compact', 'POISON_medium_twoslot');
INSERT INTO public.weapons_ammunition_connection (weapons_weaponid, ammunitions_ammoid)
VALUES ('springfield_1866_compact', 'EXPLO_medium_twoslot');
INSERT INTO public.weapons_ammunition_connection (weapons_weaponid, ammunitions_ammoid)
VALUES ('springfield_1866_compact_striker', 'medium');
INSERT INTO public.weapons_ammunition_connection (weapons_weaponid, ammunitions_ammoid)
VALUES ('springfield_1866_compact_striker', 'DUMDUM_medium_twoslot');
INSERT INTO public.weapons_ammunition_connection (weapons_weaponid, ammunitions_ammoid)
VALUES ('springfield_1866_compact_striker', 'POISON_medium_twoslot');
INSERT INTO public.weapons_ammunition_connection (weapons_weaponid, ammunitions_ammoid)
VALUES ('springfield_1866_compact_striker', 'EXPLO_medium_twoslot');
INSERT INTO public.weapons_ammunition_connection (weapons_weaponid, ammunitions_ammoid)
VALUES ('springfield_1866_compact_deadeye', 'medium');
INSERT INTO public.weapons_ammunition_connection (weapons_weaponid, ammunitions_ammoid)
VALUES ('springfield_1866_compact_deadeye', 'DUMDUM_medium_twoslot');
INSERT INTO public.weapons_ammunition_connection (weapons_weaponid, ammunitions_ammoid)
VALUES ('springfield_1866_compact_deadeye', 'POISON_medium_twoslot');
INSERT INTO public.weapons_ammunition_connection (weapons_weaponid, ammunitions_ammoid)
VALUES ('springfield_1866_compact_deadeye', 'EXPLO_medium_twoslot');
INSERT INTO public.weapons_ammunition_connection (weapons_weaponid, ammunitions_ammoid)
VALUES ('winfield_m1873c', 'compact');
INSERT INTO public.weapons_ammunition_connection (weapons_weaponid, ammunitions_ammoid)
VALUES ('winfield_m1873c', 'FIRE_compact');
INSERT INTO public.weapons_ammunition_connection (weapons_weaponid, ammunitions_ammoid)
VALUES ('winfield_m1873c', 'FMJ_compact');
INSERT INTO public.weapons_ammunition_connection (weapons_weaponid, ammunitions_ammoid)
VALUES ('winfield_m1873c', 'HV_compact');
INSERT INTO public.weapons_ammunition_connection (weapons_weaponid, ammunitions_ammoid)
VALUES ('winfield_m1873c_silencer', 'compact');
INSERT INTO public.weapons_ammunition_connection (weapons_weaponid, ammunitions_ammoid)
VALUES ('winfield_m1873c_silencer', 'FIRE_compact');
INSERT INTO public.weapons_ammunition_connection (weapons_weaponid, ammunitions_ammoid)
VALUES ('winfield_m1873c_silencer', 'FMJ_compact');
INSERT INTO public.weapons_ammunition_connection (weapons_weaponid, ammunitions_ammoid)
VALUES ('winfield_m1873c_silencer', 'HV_compact');
INSERT INTO public.weapons_ammunition_connection (weapons_weaponid, ammunitions_ammoid)
VALUES ('winfield_m1873c_marksman', 'compact');
INSERT INTO public.weapons_ammunition_connection (weapons_weaponid, ammunitions_ammoid)
VALUES ('winfield_m1873c_marksman', 'FIRE_compact');
INSERT INTO public.weapons_ammunition_connection (weapons_weaponid, ammunitions_ammoid)
VALUES ('winfield_m1873c_marksman', 'FMJ_compact');
INSERT INTO public.weapons_ammunition_connection (weapons_weaponid, ammunitions_ammoid)
VALUES ('winfield_m1873c_marksman', 'HV_compact');
INSERT INTO public.weapons_ammunition_connection (weapons_weaponid, ammunitions_ammoid)
VALUES ('winfield_m1873c_vandal', 'compact');
INSERT INTO public.weapons_ammunition_connection (weapons_weaponid, ammunitions_ammoid)
VALUES ('winfield_m1873c_vandal', 'FIRE_compact');
INSERT INTO public.weapons_ammunition_connection (weapons_weaponid, ammunitions_ammoid)
VALUES ('winfield_m1873c_vandal', 'FMJ_compact');
INSERT INTO public.weapons_ammunition_connection (weapons_weaponid, ammunitions_ammoid)
VALUES ('winfield_m1873c_vandal', 'HV_compact');
INSERT INTO public.weapons_ammunition_connection (weapons_weaponid, ammunitions_ammoid)
VALUES ('winfield_m1873c_striker', 'compact');
INSERT INTO public.weapons_ammunition_connection (weapons_weaponid, ammunitions_ammoid)
VALUES ('winfield_m1873c_striker', 'FIRE_compact');
INSERT INTO public.weapons_ammunition_connection (weapons_weaponid, ammunitions_ammoid)
VALUES ('winfield_m1873c_striker', 'FMJ_compact');
INSERT INTO public.weapons_ammunition_connection (weapons_weaponid, ammunitions_ammoid)
VALUES ('winfield_m1873c_striker', 'HV_compact');
INSERT INTO public.weapons_ammunition_connection (weapons_weaponid, ammunitions_ammoid)
VALUES ('winfield_m1873c_vandal_deadeye', 'compact');
INSERT INTO public.weapons_ammunition_connection (weapons_weaponid, ammunitions_ammoid)
VALUES ('winfield_m1873c_vandal_deadeye', 'FIRE_compact');
INSERT INTO public.weapons_ammunition_connection (weapons_weaponid, ammunitions_ammoid)
VALUES ('winfield_m1873c_vandal_deadeye', 'FMJ_compact');
INSERT INTO public.weapons_ammunition_connection (weapons_weaponid, ammunitions_ammoid)
VALUES ('winfield_m1873c_vandal_deadeye', 'HV_compact');
INSERT INTO public.weapons_ammunition_connection (weapons_weaponid, ammunitions_ammoid)
VALUES ('winfield_1887_terminus', 'buckshot');
INSERT INTO public.weapons_ammunition_connection (weapons_weaponid, ammunitions_ammoid)
VALUES ('winfield_1887_terminus', 'FLECHETTE_shotgun');
INSERT INTO public.weapons_ammunition_connection (weapons_weaponid, ammunitions_ammoid)
VALUES ('winfield_1887_terminus', 'SLUG_shotgun');
INSERT INTO public.weapons_ammunition_connection (weapons_weaponid, ammunitions_ammoid)
VALUES ('winfield_1887_terminus', 'PENNY_shotgun');
INSERT INTO public.weapons_ammunition_connection (weapons_weaponid, ammunitions_ammoid)
VALUES ('winfield_1887_terminus', 'DRAGON_shotgun');
INSERT INTO public.weapons_ammunition_connection (weapons_weaponid, ammunitions_ammoid)
VALUES ('winfield_1887_terminus_handcannon', 'buckshot');
INSERT INTO public.weapons_ammunition_connection (weapons_weaponid, ammunitions_ammoid)
VALUES ('winfield_1887_terminus_handcannon', 'FLECHETTE_shotgun');
INSERT INTO public.weapons_ammunition_connection (weapons_weaponid, ammunitions_ammoid)
VALUES ('winfield_1887_terminus_handcannon', 'SLUG_shotgun');
INSERT INTO public.weapons_ammunition_connection (weapons_weaponid, ammunitions_ammoid)
VALUES ('winfield_1887_terminus_handcannon', 'PENNY_shotgun');
INSERT INTO public.weapons_ammunition_connection (weapons_weaponid, ammunitions_ammoid)
VALUES ('winfield_1887_terminus_handcannon', 'DRAGON_shotgun');
INSERT INTO public.weapons_ammunition_connection (weapons_weaponid, ammunitions_ammoid)
VALUES ('martini_henry_ic1', 'long');
INSERT INTO public.weapons_ammunition_connection (weapons_weaponid, ammunitions_ammoid)
VALUES ('martini_henry_ic1', 'FIRE_long_twoslot');
INSERT INTO public.weapons_ammunition_connection (weapons_weaponid, ammunitions_ammoid)
VALUES ('martini_henry_ic1', 'FMJ_long_twoslot');
INSERT INTO public.weapons_ammunition_connection (weapons_weaponid, ammunitions_ammoid)
VALUES ('martini_henry_ic1', 'EXPLO_long_twoslot');
INSERT INTO public.weapons_ammunition_connection (weapons_weaponid, ammunitions_ammoid)
VALUES ('martini_henry_ic1_deadeye', 'long');
INSERT INTO public.weapons_ammunition_connection (weapons_weaponid, ammunitions_ammoid)
VALUES ('martini_henry_ic1_deadeye', 'FIRE_long_twoslot');
INSERT INTO public.weapons_ammunition_connection (weapons_weaponid, ammunitions_ammoid)
VALUES ('martini_henry_ic1_deadeye', 'FMJ_long_twoslot');
INSERT INTO public.weapons_ammunition_connection (weapons_weaponid, ammunitions_ammoid)
VALUES ('martini_henry_ic1_deadeye', 'EXPLO_long_twoslot');
INSERT INTO public.weapons_ammunition_connection (weapons_weaponid, ammunitions_ammoid)
VALUES ('martini_henry_ic1_riposte', 'long');
INSERT INTO public.weapons_ammunition_connection (weapons_weaponid, ammunitions_ammoid)
VALUES ('martini_henry_ic1_riposte', 'FIRE_long_twoslot');
INSERT INTO public.weapons_ammunition_connection (weapons_weaponid, ammunitions_ammoid)
VALUES ('martini_henry_ic1_riposte', 'FMJ_long_twoslot');
INSERT INTO public.weapons_ammunition_connection (weapons_weaponid, ammunitions_ammoid)
VALUES ('martini_henry_ic1_riposte', 'EXPLO_long_twoslot');
INSERT INTO public.weapons_ammunition_connection (weapons_weaponid, ammunitions_ammoid)
VALUES ('martini_henry_ic1_marksman', 'long');
INSERT INTO public.weapons_ammunition_connection (weapons_weaponid, ammunitions_ammoid)
VALUES ('martini_henry_ic1_marksman', 'FIRE_long_twoslot');
INSERT INTO public.weapons_ammunition_connection (weapons_weaponid, ammunitions_ammoid)
VALUES ('martini_henry_ic1_marksman', 'FMJ_long_twoslot');
INSERT INTO public.weapons_ammunition_connection (weapons_weaponid, ammunitions_ammoid)
VALUES ('martini_henry_ic1_marksman', 'EXPLO_long_twoslot');
INSERT INTO public.weapons_ammunition_connection (weapons_weaponid, ammunitions_ammoid)
VALUES ('martini_henry_ic1_ironside', 'long');
INSERT INTO public.weapons_ammunition_connection (weapons_weaponid, ammunitions_ammoid)
VALUES ('martini_henry_ic1_ironside', 'FIRE_long');
INSERT INTO public.weapons_ammunition_connection (weapons_weaponid, ammunitions_ammoid)
VALUES ('martini_henry_ic1_ironside', 'FMJ_long');
INSERT INTO public.weapons_ammunition_connection (weapons_weaponid, ammunitions_ammoid)
VALUES ('martini_henry_ic1_ironside', 'EXPLO_long');
INSERT INTO public.weapons_ammunition_connection (weapons_weaponid, ammunitions_ammoid)
VALUES ('caldwell_92_new_army', 'compact');
INSERT INTO public.weapons_ammunition_connection (weapons_weaponid, ammunitions_ammoid)
VALUES ('caldwell_92_new_army', 'DUMDUM_compact');
INSERT INTO public.weapons_ammunition_connection (weapons_weaponid, ammunitions_ammoid)
VALUES ('caldwell_92_new_army', 'FMJ_compact');
INSERT INTO public.weapons_ammunition_connection (weapons_weaponid, ammunitions_ammoid)
VALUES ('vetterli_71_karabiner', 'medium');
INSERT INTO public.weapons_ammunition_connection (weapons_weaponid, ammunitions_ammoid)
VALUES ('vetterli_71_karabiner', 'FIRE_medium');
INSERT INTO public.weapons_ammunition_connection (weapons_weaponid, ammunitions_ammoid)
VALUES ('vetterli_71_karabiner', 'FMJ_medium');
INSERT INTO public.weapons_ammunition_connection (weapons_weaponid, ammunitions_ammoid)
VALUES ('vetterli_71_karabiner', 'HV_medium');
INSERT INTO public.weapons_ammunition_connection (weapons_weaponid, ammunitions_ammoid)
VALUES ('vetterli_71_karabiner_deadeye', 'medium');
INSERT INTO public.weapons_ammunition_connection (weapons_weaponid, ammunitions_ammoid)
VALUES ('vetterli_71_karabiner_deadeye', 'FIRE_medium');
INSERT INTO public.weapons_ammunition_connection (weapons_weaponid, ammunitions_ammoid)
VALUES ('vetterli_71_karabiner_deadeye', 'FMJ_medium');
INSERT INTO public.weapons_ammunition_connection (weapons_weaponid, ammunitions_ammoid)
VALUES ('vetterli_71_karabiner_deadeye', 'HV_medium');
INSERT INTO public.weapons_ammunition_connection (weapons_weaponid, ammunitions_ammoid)
VALUES ('vetterli_71_karabiner_marksman', 'medium');
INSERT INTO public.weapons_ammunition_connection (weapons_weaponid, ammunitions_ammoid)
VALUES ('vetterli_71_karabiner_marksman', 'FIRE_medium');
INSERT INTO public.weapons_ammunition_connection (weapons_weaponid, ammunitions_ammoid)
VALUES ('vetterli_71_karabiner_marksman', 'FMJ_medium');
INSERT INTO public.weapons_ammunition_connection (weapons_weaponid, ammunitions_ammoid)
VALUES ('vetterli_71_karabiner_marksman', 'HV_medium');
INSERT INTO public.weapons_ammunition_connection (weapons_weaponid, ammunitions_ammoid)
VALUES ('vetterli_71_karabiner_bayonet', 'medium');
INSERT INTO public.weapons_ammunition_connection (weapons_weaponid, ammunitions_ammoid)
VALUES ('vetterli_71_karabiner_bayonet', 'FIRE_medium');
INSERT INTO public.weapons_ammunition_connection (weapons_weaponid, ammunitions_ammoid)
VALUES ('vetterli_71_karabiner_bayonet', 'FMJ_medium');
INSERT INTO public.weapons_ammunition_connection (weapons_weaponid, ammunitions_ammoid)
VALUES ('vetterli_71_karabiner_bayonet', 'HV_medium');
INSERT INTO public.weapons_ammunition_connection (weapons_weaponid, ammunitions_ammoid)
VALUES ('vetterli_71_karabiner_silencer', 'medium');
INSERT INTO public.weapons_ammunition_connection (weapons_weaponid, ammunitions_ammoid)
VALUES ('vetterli_71_karabiner_silencer', 'FIRE_medium');
INSERT INTO public.weapons_ammunition_connection (weapons_weaponid, ammunitions_ammoid)
VALUES ('vetterli_71_karabiner_silencer', 'FMJ_medium');
INSERT INTO public.weapons_ammunition_connection (weapons_weaponid, ammunitions_ammoid)
VALUES ('vetterli_71_karabiner_silencer', 'HV_medium');
INSERT INTO public.weapons_ammunition_connection (weapons_weaponid, ammunitions_ammoid)
VALUES ('caldwell_rival_78', 'buckshot');
INSERT INTO public.weapons_ammunition_connection (weapons_weaponid, ammunitions_ammoid)
VALUES ('caldwell_rival_78', 'FLECHETTE_shotgun');
INSERT INTO public.weapons_ammunition_connection (weapons_weaponid, ammunitions_ammoid)
VALUES ('caldwell_rival_78', 'PENNY_shotgun');
INSERT INTO public.weapons_ammunition_connection (weapons_weaponid, ammunitions_ammoid)
VALUES ('caldwell_rival_78', 'SLUG_shotgun');
INSERT INTO public.weapons_ammunition_connection (weapons_weaponid, ammunitions_ammoid)
VALUES ('caldwell_rival_78_handcannon', 'buckshot');
INSERT INTO public.weapons_ammunition_connection (weapons_weaponid, ammunitions_ammoid)
VALUES ('caldwell_rival_78_handcannon', 'FLECHETTE_shotgun');
INSERT INTO public.weapons_ammunition_connection (weapons_weaponid, ammunitions_ammoid)
VALUES ('caldwell_rival_78_handcannon', 'PENNY_shotgun');
INSERT INTO public.weapons_ammunition_connection (weapons_weaponid, ammunitions_ammoid)
VALUES ('caldwell_rival_78_handcannon', 'SLUG_shotgun');
INSERT INTO public.weapons_ammunition_connection (weapons_weaponid, ammunitions_ammoid)
VALUES ('caldwell_conversion_pistol', 'compact');
INSERT INTO public.weapons_ammunition_connection (weapons_weaponid, ammunitions_ammoid)
VALUES ('caldwell_conversion_pistol', 'DUMDUM_compact');
INSERT INTO public.weapons_ammunition_connection (weapons_weaponid, ammunitions_ammoid)
VALUES ('caldwell_conversion_pistol', 'FMJ_compact');
INSERT INTO public.weapons_ammunition_connection (weapons_weaponid, ammunitions_ammoid)
VALUES ('caldwell_conversion_chain_pistol', 'compact');
INSERT INTO public.weapons_ammunition_connection (weapons_weaponid, ammunitions_ammoid)
VALUES ('caldwell_conversion_chain_pistol', 'DUMDUM_compact');
INSERT INTO public.weapons_ammunition_connection (weapons_weaponid, ammunitions_ammoid)
VALUES ('caldwell_conversion_chain_pistol', 'FMJ_compact');
INSERT INTO public.weapons_ammunition_connection (weapons_weaponid, ammunitions_ammoid)
VALUES ('caldwell_conversion_uppercut', 'long');
INSERT INTO public.weapons_ammunition_connection (weapons_weaponid, ammunitions_ammoid)
VALUES ('caldwell_conversion_uppercut', 'FIRE_long');
INSERT INTO public.weapons_ammunition_connection (weapons_weaponid, ammunitions_ammoid)
VALUES ('caldwell_conversion_uppercut', 'EXPLO_long');
INSERT INTO public.weapons_ammunition_connection (weapons_weaponid, ammunitions_ammoid)
VALUES ('handcrossbow', 'handcrossbow');
INSERT INTO public.weapons_ammunition_connection (weapons_weaponid, ammunitions_ammoid)
VALUES ('handcrossbow', 'CHOKE_handcrossbow');
INSERT INTO public.weapons_ammunition_connection (weapons_weaponid, ammunitions_ammoid)
VALUES ('handcrossbow', 'POISON_handcrossbow');
INSERT INTO public.weapons_ammunition_connection (weapons_weaponid, ammunitions_ammoid)
VALUES ('handcrossbow', 'CHAOS_handcrossbow');
INSERT INTO public.weapons_ammunition_connection (weapons_weaponid, ammunitions_ammoid)
VALUES ('crossbow', 'crossbow');
INSERT INTO public.weapons_ammunition_connection (weapons_weaponid, ammunitions_ammoid)
VALUES ('crossbow', 'EXPLO_crossbow');
INSERT INTO public.weapons_ammunition_connection (weapons_weaponid, ammunitions_ammoid)
VALUES ('crossbow', 'SHOTBOLT_crossbow');
INSERT INTO public.weapons_ammunition_connection (weapons_weaponid, ammunitions_ammoid)
VALUES ('winfield_m1876_centennial', 'medium');
INSERT INTO public.weapons_ammunition_connection (weapons_weaponid, ammunitions_ammoid)
VALUES ('winfield_m1876_centennial', 'POISON_medium');
INSERT INTO public.weapons_ammunition_connection (weapons_weaponid, ammunitions_ammoid)
VALUES ('winfield_m1876_centennial', 'FMJ_medium');
INSERT INTO public.weapons_ammunition_connection (weapons_weaponid, ammunitions_ammoid)
VALUES ('winfield_m1876_centennial_sniper', 'medium');
INSERT INTO public.weapons_ammunition_connection (weapons_weaponid, ammunitions_ammoid)
VALUES ('winfield_m1876_centennial_sniper', 'POISON_medium');
INSERT INTO public.weapons_ammunition_connection (weapons_weaponid, ammunitions_ammoid)
VALUES ('winfield_m1876_centennial_sniper', 'FMJ_medium');
INSERT INTO public.weapons_ammunition_connection (weapons_weaponid, ammunitions_ammoid)
VALUES ('winfield_m1876_centennial_trauma', 'medium');
INSERT INTO public.weapons_ammunition_connection (weapons_weaponid, ammunitions_ammoid)
VALUES ('winfield_m1876_centennial_trauma', 'POISON_medium');
INSERT INTO public.weapons_ammunition_connection (weapons_weaponid, ammunitions_ammoid)
VALUES ('winfield_m1876_centennial_trauma', 'FMJ_medium');
INSERT INTO public.weapons_ammunition_connection (weapons_weaponid, ammunitions_ammoid)
VALUES ('winfield_m1876_centennial_shorty', 'medium');
INSERT INTO public.weapons_ammunition_connection (weapons_weaponid, ammunitions_ammoid)
VALUES ('winfield_m1876_centennial_shorty', 'POISON_medium');
INSERT INTO public.weapons_ammunition_connection (weapons_weaponid, ammunitions_ammoid)
VALUES ('winfield_m1876_centennial_shorty', 'FMJ_medium');
INSERT INTO public.weapons_ammunition_connection (weapons_weaponid, ammunitions_ammoid)
VALUES ('winfield_m1876_centennial_shorty_silencer', 'medium');
INSERT INTO public.weapons_ammunition_connection (weapons_weaponid, ammunitions_ammoid)
VALUES ('winfield_m1876_centennial_shorty_silencer', 'POISON_medium');
INSERT INTO public.weapons_ammunition_connection (weapons_weaponid, ammunitions_ammoid)
VALUES ('winfield_m1876_centennial_shorty_silencer', 'FMJ_medium');
INSERT INTO public.weapons_ammunition_connection (weapons_weaponid, ammunitions_ammoid)
VALUES ('winfield_m1873', 'compact');
INSERT INTO public.weapons_ammunition_connection (weapons_weaponid, ammunitions_ammoid)
VALUES ('winfield_m1873', 'FIRE_compact');
INSERT INTO public.weapons_ammunition_connection (weapons_weaponid, ammunitions_ammoid)
VALUES ('winfield_m1873', 'FMJ_compact');
INSERT INTO public.weapons_ammunition_connection (weapons_weaponid, ammunitions_ammoid)
VALUES ('winfield_m1873', 'HV_compact');
INSERT INTO public.weapons_ammunition_connection (weapons_weaponid, ammunitions_ammoid)
VALUES ('winfield_m1873_arpeture', 'compact');
INSERT INTO public.weapons_ammunition_connection (weapons_weaponid, ammunitions_ammoid)
VALUES ('winfield_m1873_arpeture', 'FIRE_compact');
INSERT INTO public.weapons_ammunition_connection (weapons_weaponid, ammunitions_ammoid)
VALUES ('winfield_m1873_arpeture', 'FMJ_compact');
INSERT INTO public.weapons_ammunition_connection (weapons_weaponid, ammunitions_ammoid)
VALUES ('winfield_m1873_arpeture', 'HV_compact');
INSERT INTO public.weapons_ammunition_connection (weapons_weaponid, ammunitions_ammoid)
VALUES ('winfield_m1873_talon', 'compact');
INSERT INTO public.weapons_ammunition_connection (weapons_weaponid, ammunitions_ammoid)
VALUES ('winfield_m1873_talon', 'FIRE_compact');
INSERT INTO public.weapons_ammunition_connection (weapons_weaponid, ammunitions_ammoid)
VALUES ('winfield_m1873_talon', 'FMJ_compact');
INSERT INTO public.weapons_ammunition_connection (weapons_weaponid, ammunitions_ammoid)
VALUES ('winfield_m1873_talon', 'HV_compact');
INSERT INTO public.weapons_ammunition_connection (weapons_weaponid, ammunitions_ammoid)
VALUES ('winfield_m1873_swift', 'compact');
INSERT INTO public.weapons_ammunition_connection (weapons_weaponid, ammunitions_ammoid)
VALUES ('winfield_m1873_swift', 'FIRE_compact');
INSERT INTO public.weapons_ammunition_connection (weapons_weaponid, ammunitions_ammoid)
VALUES ('winfield_m1873_swift', 'FMJ_compact');
INSERT INTO public.weapons_ammunition_connection (weapons_weaponid, ammunitions_ammoid)
VALUES ('winfield_m1873_swift', 'HV_compact');
INSERT INTO public.weapons_ammunition_connection (weapons_weaponid, ammunitions_ammoid)
VALUES ('winfield_m1873_musket_bayonet', 'compact');
INSERT INTO public.weapons_ammunition_connection (weapons_weaponid, ammunitions_ammoid)
VALUES ('winfield_m1873_musket_bayonet', 'FIRE_compact');
INSERT INTO public.weapons_ammunition_connection (weapons_weaponid, ammunitions_ammoid)
VALUES ('winfield_m1873_musket_bayonet', 'FMJ_compact');
INSERT INTO public.weapons_ammunition_connection (weapons_weaponid, ammunitions_ammoid)
VALUES ('winfield_m1873_musket_bayonet', 'HV_compact');
INSERT INTO public.weapons_ammunition_connection (weapons_weaponid, ammunitions_ammoid)
VALUES ('caldwell_pax', 'medium');
INSERT INTO public.weapons_ammunition_connection (weapons_weaponid, ammunitions_ammoid)
VALUES ('caldwell_pax', 'DUMDUM_medium');
INSERT INTO public.weapons_ammunition_connection (weapons_weaponid, ammunitions_ammoid)
VALUES ('caldwell_pax', 'FIRE_medium');
INSERT INTO public.weapons_ammunition_connection (weapons_weaponid, ammunitions_ammoid)
VALUES ('caldwell_pax', 'FMJ_medium');
INSERT INTO public.weapons_ammunition_connection (weapons_weaponid, ammunitions_ammoid)
VALUES ('caldwell_pax', 'POISON_medium');
INSERT INTO public.weapons_ammunition_connection (weapons_weaponid, ammunitions_ammoid)
VALUES ('caldwell_pax_claw', 'medium');
INSERT INTO public.weapons_ammunition_connection (weapons_weaponid, ammunitions_ammoid)
VALUES ('caldwell_pax_claw', 'DUMDUM_medium');
INSERT INTO public.weapons_ammunition_connection (weapons_weaponid, ammunitions_ammoid)
VALUES ('caldwell_pax_claw', 'FIRE_medium');
INSERT INTO public.weapons_ammunition_connection (weapons_weaponid, ammunitions_ammoid)
VALUES ('caldwell_pax_claw', 'FMJ_medium');
INSERT INTO public.weapons_ammunition_connection (weapons_weaponid, ammunitions_ammoid)
VALUES ('caldwell_pax_claw', 'POISON_medium');
INSERT INTO public.weapons_ammunition_connection (weapons_weaponid, ammunitions_ammoid)
VALUES ('sparks_lrr', 'long');
INSERT INTO public.weapons_ammunition_connection (weapons_weaponid, ammunitions_ammoid)
VALUES ('sparks_lrr', 'FIRE_long_twoslot');
INSERT INTO public.weapons_ammunition_connection (weapons_weaponid, ammunitions_ammoid)
VALUES ('sparks_lrr', 'POISON_long_twoslot');
INSERT INTO public.weapons_ammunition_connection (weapons_weaponid, ammunitions_ammoid)
VALUES ('sparks_lrr', 'FMJ_long_twoslot');
INSERT INTO public.weapons_ammunition_connection (weapons_weaponid, ammunitions_ammoid)
VALUES ('sparks_pistol', 'long');
INSERT INTO public.weapons_ammunition_connection (weapons_weaponid, ammunitions_ammoid)
VALUES ('sparks_pistol', 'FIRE_long_twoslot');
INSERT INTO public.weapons_ammunition_connection (weapons_weaponid, ammunitions_ammoid)
VALUES ('sparks_pistol', 'POISON_long_twoslot');
INSERT INTO public.weapons_ammunition_connection (weapons_weaponid, ammunitions_ammoid)
VALUES ('sparks_pistol', 'FMJ_long_twoslot');
INSERT INTO public.weapons_ammunition_connection (weapons_weaponid, ammunitions_ammoid)
VALUES ('sparks_lrr_silencer', 'long');
INSERT INTO public.weapons_ammunition_connection (weapons_weaponid, ammunitions_ammoid)
VALUES ('sparks_lrr_silencer', 'FIRE_long_twoslot');
INSERT INTO public.weapons_ammunition_connection (weapons_weaponid, ammunitions_ammoid)
VALUES ('sparks_lrr_silencer', 'POISON_long_twoslot');
INSERT INTO public.weapons_ammunition_connection (weapons_weaponid, ammunitions_ammoid)
VALUES ('sparks_lrr_silencer', 'FMJ_long_twoslot');
INSERT INTO public.weapons_ammunition_connection (weapons_weaponid, ammunitions_ammoid)
VALUES ('sparks_lrr_sniper', 'long');
INSERT INTO public.weapons_ammunition_connection (weapons_weaponid, ammunitions_ammoid)
VALUES ('sparks_lrr_sniper', 'FIRE_long_twoslot');
INSERT INTO public.weapons_ammunition_connection (weapons_weaponid, ammunitions_ammoid)
VALUES ('sparks_lrr_sniper', 'POISON_long_twoslot');
INSERT INTO public.weapons_ammunition_connection (weapons_weaponid, ammunitions_ammoid)
VALUES ('sparks_lrr_sniper', 'FMJ_long_twoslot');
INSERT INTO public.weapons_ammunition_connection (weapons_weaponid, ammunitions_ammoid)
VALUES ('bornheim_no3', 'compact');
INSERT INTO public.weapons_ammunition_connection (weapons_weaponid, ammunitions_ammoid)
VALUES ('bornheim_no3', 'FIRE_compact');
INSERT INTO public.weapons_ammunition_connection (weapons_weaponid, ammunitions_ammoid)
VALUES ('bornheim_no3', 'HV_compact');
INSERT INTO public.weapons_ammunition_connection (weapons_weaponid, ammunitions_ammoid)
VALUES ('bornheim_no3_match', 'compact');
INSERT INTO public.weapons_ammunition_connection (weapons_weaponid, ammunitions_ammoid)
VALUES ('bornheim_no3_match', 'FIRE_compact');
INSERT INTO public.weapons_ammunition_connection (weapons_weaponid, ammunitions_ammoid)
VALUES ('bornheim_no3_match', 'HV_compact');
INSERT INTO public.weapons_ammunition_connection (weapons_weaponid, ammunitions_ammoid)
VALUES ('bornheim_no3_extended', 'compact');
INSERT INTO public.weapons_ammunition_connection (weapons_weaponid, ammunitions_ammoid)
VALUES ('bornheim_no3_extended', 'FIRE_compact');
INSERT INTO public.weapons_ammunition_connection (weapons_weaponid, ammunitions_ammoid)
VALUES ('bornheim_no3_extended', 'HV_compact');
INSERT INTO public.weapons_ammunition_connection (weapons_weaponid, ammunitions_ammoid)
VALUES ('specter_1882', 'buckshot');
INSERT INTO public.weapons_ammunition_connection (weapons_weaponid, ammunitions_ammoid)
VALUES ('specter_1882', 'FLECHETTE_shotgun');
INSERT INTO public.weapons_ammunition_connection (weapons_weaponid, ammunitions_ammoid)
VALUES ('specter_1882', 'DRAGON_shotgun');
INSERT INTO public.weapons_ammunition_connection (weapons_weaponid, ammunitions_ammoid)
VALUES ('specter_1882', 'SLUG_shotgun');
INSERT INTO public.weapons_ammunition_connection (weapons_weaponid, ammunitions_ammoid)
VALUES ('specter_1882', 'PENNY_shotgun');
INSERT INTO public.weapons_ammunition_connection (weapons_weaponid, ammunitions_ammoid)
VALUES ('specter_1882_compact', 'buckshot');
INSERT INTO public.weapons_ammunition_connection (weapons_weaponid, ammunitions_ammoid)
VALUES ('specter_1882_compact', 'FLECHETTE_shotgun');
INSERT INTO public.weapons_ammunition_connection (weapons_weaponid, ammunitions_ammoid)
VALUES ('specter_1882_compact', 'DRAGON_shotgun');
INSERT INTO public.weapons_ammunition_connection (weapons_weaponid, ammunitions_ammoid)
VALUES ('specter_1882_compact', 'SLUG_shotgun');
INSERT INTO public.weapons_ammunition_connection (weapons_weaponid, ammunitions_ammoid)
VALUES ('specter_1882_compact', 'PENNY_shotgun');
INSERT INTO public.weapons_ammunition_connection (weapons_weaponid, ammunitions_ammoid)
VALUES ('specter_1882_bayonet', 'buckshot');
INSERT INTO public.weapons_ammunition_connection (weapons_weaponid, ammunitions_ammoid)
VALUES ('specter_1882_bayonet', 'FLECHETTE_shotgun');
INSERT INTO public.weapons_ammunition_connection (weapons_weaponid, ammunitions_ammoid)
VALUES ('specter_1882_bayonet', 'DRAGON_shotgun');
INSERT INTO public.weapons_ammunition_connection (weapons_weaponid, ammunitions_ammoid)
VALUES ('specter_1882_bayonet', 'SLUG_shotgun');
INSERT INTO public.weapons_ammunition_connection (weapons_weaponid, ammunitions_ammoid)
VALUES ('specter_1882_bayonet', 'PENNY_shotgun');
INSERT INTO public.weapons_ammunition_connection (weapons_weaponid, ammunitions_ammoid)
VALUES ('lemat_mark_2', 'compact');
INSERT INTO public.weapons_ammunition_connection (weapons_weaponid, ammunitions_ammoid)
VALUES ('lemat_mark_2', 'FIRE_compact');
INSERT INTO public.weapons_ammunition_connection (weapons_weaponid, ammunitions_ammoid)
VALUES ('lemat_mark_2', 'FMJ_compact');
INSERT INTO public.weapons_ammunition_connection (weapons_weaponid, ammunitions_ammoid)
VALUES ('lemat_mark_2', 'buckshot');
INSERT INTO public.weapons_ammunition_connection (weapons_weaponid, ammunitions_ammoid)
VALUES ('lemat_mark_2', 'STARSHELL_shotgun_twoslot');
INSERT INTO public.weapons_ammunition_connection (weapons_weaponid, ammunitions_ammoid)
VALUES ('lemat_mark_2', 'DRAGON_shotgun_twoslot');
INSERT INTO public.weapons_ammunition_connection (weapons_weaponid, ammunitions_ammoid)
VALUES ('lemat_mark_2', 'SLUG_shotgun_twoslot');
INSERT INTO public.weapons_ammunition_connection (weapons_weaponid, ammunitions_ammoid)
VALUES ('lemat_mark_2_carbine', 'compact');
INSERT INTO public.weapons_ammunition_connection (weapons_weaponid, ammunitions_ammoid)
VALUES ('lemat_mark_2_carbine', 'FIRE_compact');
INSERT INTO public.weapons_ammunition_connection (weapons_weaponid, ammunitions_ammoid)
VALUES ('lemat_mark_2_carbine', 'FMJ_compact');
INSERT INTO public.weapons_ammunition_connection (weapons_weaponid, ammunitions_ammoid)
VALUES ('lemat_mark_2_carbine', 'buckshot');
INSERT INTO public.weapons_ammunition_connection (weapons_weaponid, ammunitions_ammoid)
VALUES ('lemat_mark_2_carbine', 'STARSHELL_shotgun_twoslot');
INSERT INTO public.weapons_ammunition_connection (weapons_weaponid, ammunitions_ammoid)
VALUES ('lemat_mark_2_carbine', 'DRAGON_shotgun_twoslot');
INSERT INTO public.weapons_ammunition_connection (weapons_weaponid, ammunitions_ammoid)
VALUES ('lemat_mark_2_carbine', 'SLUG_shotgun_twoslot');
INSERT INTO public.weapons_ammunition_connection (weapons_weaponid, ammunitions_ammoid)
VALUES ('berthier_mle_1892', 'long');
INSERT INTO public.weapons_ammunition_connection (weapons_weaponid, ammunitions_ammoid)
VALUES ('berthier_mle_1892', 'FIRE_long_twoslot');
INSERT INTO public.weapons_ammunition_connection (weapons_weaponid, ammunitions_ammoid)
VALUES ('berthier_mle_1892', 'SPITZER_long_twoslot');
INSERT INTO public.weapons_ammunition_connection (weapons_weaponid, ammunitions_ammoid)
VALUES ('berthier_mle_1892_riposte', 'long');
INSERT INTO public.weapons_ammunition_connection (weapons_weaponid, ammunitions_ammoid)
VALUES ('berthier_mle_1892_riposte', 'FIRE_long_twoslot');
INSERT INTO public.weapons_ammunition_connection (weapons_weaponid, ammunitions_ammoid)
VALUES ('berthier_mle_1892_riposte', 'SPITZER_long_twoslot');
INSERT INTO public.weapons_ammunition_connection (weapons_weaponid, ammunitions_ammoid)
VALUES ('berthier_mle_1892_deadeye', 'long');
INSERT INTO public.weapons_ammunition_connection (weapons_weaponid, ammunitions_ammoid)
VALUES ('berthier_mle_1892_deadeye', 'FIRE_long_twoslot');
INSERT INTO public.weapons_ammunition_connection (weapons_weaponid, ammunitions_ammoid)
VALUES ('berthier_mle_1892_deadeye', 'SPITZER_long_twoslot');
INSERT INTO public.weapons_ammunition_connection (weapons_weaponid, ammunitions_ammoid)
VALUES ('lebel_1886', 'long');
INSERT INTO public.weapons_ammunition_connection (weapons_weaponid, ammunitions_ammoid)
VALUES ('lebel_1886', 'FIRE_long');
INSERT INTO public.weapons_ammunition_connection (weapons_weaponid, ammunitions_ammoid)
VALUES ('lebel_1886', 'SPITZER_long');
INSERT INTO public.weapons_ammunition_connection (weapons_weaponid, ammunitions_ammoid)
VALUES ('lebel_1886_arpeture', 'long');
INSERT INTO public.weapons_ammunition_connection (weapons_weaponid, ammunitions_ammoid)
VALUES ('lebel_1886_arpeture', 'FIRE_long');
INSERT INTO public.weapons_ammunition_connection (weapons_weaponid, ammunitions_ammoid)
VALUES ('lebel_1886_arpeture', 'SPITZER_long');
INSERT INTO public.weapons_ammunition_connection (weapons_weaponid, ammunitions_ammoid)
VALUES ('lebel_1886_talon', 'long');
INSERT INTO public.weapons_ammunition_connection (weapons_weaponid, ammunitions_ammoid)
VALUES ('lebel_1886_talon', 'FIRE_long');
INSERT INTO public.weapons_ammunition_connection (weapons_weaponid, ammunitions_ammoid)
VALUES ('lebel_1886_talon', 'SPITZER_long');
INSERT INTO public.weapons_ammunition_connection (weapons_weaponid, ammunitions_ammoid)
VALUES ('lebel_1886_marksman', 'long');
INSERT INTO public.weapons_ammunition_connection (weapons_weaponid, ammunitions_ammoid)
VALUES ('lebel_1886_marksman', 'FIRE_long');
INSERT INTO public.weapons_ammunition_connection (weapons_weaponid, ammunitions_ammoid)
VALUES ('lebel_1886_marksman', 'SPITZER_long');
INSERT INTO public.weapons_ammunition_connection (weapons_weaponid, ammunitions_ammoid)
VALUES ('bow', 'bow');
INSERT INTO public.weapons_ammunition_connection (weapons_weaponid, ammunitions_ammoid)
VALUES ('bow', 'CONCERTINA_bow');
INSERT INTO public.weapons_ammunition_connection (weapons_weaponid, ammunitions_ammoid)
VALUES ('bow', 'FRAG_bow');
INSERT INTO public.weapons_ammunition_connection (weapons_weaponid, ammunitions_ammoid)
VALUES ('bow', 'POISON_bow');
INSERT INTO public.weapons_ammunition_connection (weapons_weaponid, ammunitions_ammoid)
VALUES ('nagant_m1895_officer', 'compact');
INSERT INTO public.weapons_ammunition_connection (weapons_weaponid, ammunitions_ammoid)
VALUES ('nagant_m1895_officer', 'POISON_compact');
INSERT INTO public.weapons_ammunition_connection (weapons_weaponid, ammunitions_ammoid)
VALUES ('nagant_m1895_officer', 'HV_compact');
INSERT INTO public.weapons_ammunition_connection (weapons_weaponid, ammunitions_ammoid)
VALUES ('nagant_m1895_officer_brawler', 'compact');
INSERT INTO public.weapons_ammunition_connection (weapons_weaponid, ammunitions_ammoid)
VALUES ('nagant_m1895_officer_brawler', 'POISON_compact');
INSERT INTO public.weapons_ammunition_connection (weapons_weaponid, ammunitions_ammoid)
VALUES ('nagant_m1895_officer_brawler', 'HV_compact');
INSERT INTO public.weapons_ammunition_connection (weapons_weaponid, ammunitions_ammoid)
VALUES ('nagant_m1895_officer_carbine', 'compact');
INSERT INTO public.weapons_ammunition_connection (weapons_weaponid, ammunitions_ammoid)
VALUES ('nagant_m1895_officer_carbine', 'POISON_compact');
INSERT INTO public.weapons_ammunition_connection (weapons_weaponid, ammunitions_ammoid)
VALUES ('nagant_m1895_officer_carbine', 'HV_compact');
INSERT INTO public.weapons_ammunition_connection (weapons_weaponid, ammunitions_ammoid)
VALUES ('nagant_m1895_officer_carbine_deadeye', 'compact');
INSERT INTO public.weapons_ammunition_connection (weapons_weaponid, ammunitions_ammoid)
VALUES ('nagant_m1895_officer_carbine_deadeye', 'POISON_compact');
INSERT INTO public.weapons_ammunition_connection (weapons_weaponid, ammunitions_ammoid)
VALUES ('nagant_m1895_officer_carbine_deadeye', 'HV_compact');
INSERT INTO public.weapons_ammunition_connection (weapons_weaponid, ammunitions_ammoid)
VALUES ('springfield_m1892_krag', 'long');
INSERT INTO public.weapons_ammunition_connection (weapons_weaponid, ammunitions_ammoid)
VALUES ('springfield_m1892_krag', 'FIRE_long');
INSERT INTO public.weapons_ammunition_connection (weapons_weaponid, ammunitions_ammoid)
VALUES ('springfield_m1892_krag', 'FMJ_long');
INSERT INTO public.weapons_ammunition_connection (weapons_weaponid, ammunitions_ammoid)
VALUES ('springfield_m1892_krag_bayonet', 'long');
INSERT INTO public.weapons_ammunition_connection (weapons_weaponid, ammunitions_ammoid)
VALUES ('springfield_m1892_krag_bayonet', 'FIRE_long');
INSERT INTO public.weapons_ammunition_connection (weapons_weaponid, ammunitions_ammoid)
VALUES ('springfield_m1892_krag_bayonet', 'FMJ_long');
INSERT INTO public.weapons_ammunition_connection (weapons_weaponid, ammunitions_ammoid)
VALUES ('springfield_m1892_krag_sniper', 'long');
INSERT INTO public.weapons_ammunition_connection (weapons_weaponid, ammunitions_ammoid)
VALUES ('springfield_m1892_krag_sniper', 'FIRE_long');
INSERT INTO public.weapons_ammunition_connection (weapons_weaponid, ammunitions_ammoid)
VALUES ('springfield_m1892_krag_sniper', 'FMJ_long');
INSERT INTO public.weapons_ammunition_connection (weapons_weaponid, ammunitions_ammoid)
VALUES ('winfield_1893_slate', 'buckshot');
INSERT INTO public.weapons_ammunition_connection (weapons_weaponid, ammunitions_ammoid)
VALUES ('winfield_1893_slate', 'PENNY_shotgun');
INSERT INTO public.weapons_ammunition_connection (weapons_weaponid, ammunitions_ammoid)
VALUES ('winfield_1893_slate', 'SLUG_shotgun');
INSERT INTO public.weapons_ammunition_connection (weapons_weaponid, ammunitions_ammoid)
VALUES ('dolch_96', 'dolch');
INSERT INTO public.weapons_ammunition_connection (weapons_weaponid, ammunitions_ammoid)
VALUES ('dolch_96_precision', 'dolch');
INSERT INTO public.weapons_ammunition_connection (weapons_weaponid, ammunitions_ammoid)
VALUES ('mosin_nagant_m1891', 'long');
INSERT INTO public.weapons_ammunition_connection (weapons_weaponid, ammunitions_ammoid)
VALUES ('mosin_nagant_m1891', 'FIRE_long');
INSERT INTO public.weapons_ammunition_connection (weapons_weaponid, ammunitions_ammoid)
VALUES ('mosin_nagant_m1891', 'SPITZER_long');
INSERT INTO public.weapons_ammunition_connection (weapons_weaponid, ammunitions_ammoid)
VALUES ('mosin_nagant_m1891_obrez', 'long');
INSERT INTO public.weapons_ammunition_connection (weapons_weaponid, ammunitions_ammoid)
VALUES ('mosin_nagant_m1891_obrez', 'FIRE_long');
INSERT INTO public.weapons_ammunition_connection (weapons_weaponid, ammunitions_ammoid)
VALUES ('mosin_nagant_m1891_obrez', 'SPITZER_long');
INSERT INTO public.weapons_ammunition_connection (weapons_weaponid, ammunitions_ammoid)
VALUES ('mosin_nagant_m1891_bayonet', 'long');
INSERT INTO public.weapons_ammunition_connection (weapons_weaponid, ammunitions_ammoid)
VALUES ('mosin_nagant_m1891_bayonet', 'FIRE_long');
INSERT INTO public.weapons_ammunition_connection (weapons_weaponid, ammunitions_ammoid)
VALUES ('mosin_nagant_m1891_bayonet', 'SPITZER_long');
INSERT INTO public.weapons_ammunition_connection (weapons_weaponid, ammunitions_ammoid)
VALUES ('mosin_nagant_m1891_obrez_mace', 'long');
INSERT INTO public.weapons_ammunition_connection (weapons_weaponid, ammunitions_ammoid)
VALUES ('mosin_nagant_m1891_obrez_mace', 'FIRE_long');
INSERT INTO public.weapons_ammunition_connection (weapons_weaponid, ammunitions_ammoid)
VALUES ('mosin_nagant_m1891_obrez_mace', 'SPITZER_long');
INSERT INTO public.weapons_ammunition_connection (weapons_weaponid, ammunitions_ammoid)
VALUES ('mosin_nagant_m1891_sniper', 'long');
INSERT INTO public.weapons_ammunition_connection (weapons_weaponid, ammunitions_ammoid)
VALUES ('mosin_nagant_m1891_sniper', 'FIRE_long');
INSERT INTO public.weapons_ammunition_connection (weapons_weaponid, ammunitions_ammoid)
VALUES ('mosin_nagant_m1891_sniper', 'SPITZER_long');
INSERT INTO public.weapons_ammunition_connection (weapons_weaponid, ammunitions_ammoid)
VALUES ('mosin_nagant_m1891_obrez_drum', 'long');
INSERT INTO public.weapons_ammunition_connection (weapons_weaponid, ammunitions_ammoid)
VALUES ('mosin_nagant_m1891_obrez_drum', 'FIRE_long');
INSERT INTO public.weapons_ammunition_connection (weapons_weaponid, ammunitions_ammoid)
VALUES ('mosin_nagant_m1891_obrez_drum', 'SPITZER_long');
INSERT INTO public.weapons_ammunition_connection (weapons_weaponid, ammunitions_ammoid)
VALUES ('mosin_nagant_m1891_avtomat', 'long');
INSERT INTO public.weapons_ammunition_connection (weapons_weaponid, ammunitions_ammoid)
VALUES ('mosin_nagant_m1891_avtomat', 'FIRE_long');
INSERT INTO public.weapons_ammunition_connection (weapons_weaponid, ammunitions_ammoid)
VALUES ('mosin_nagant_m1891_avtomat', 'SPITZER_long');
INSERT INTO public.weapons_ammunition_connection (weapons_weaponid, ammunitions_ammoid)
VALUES ('bomblance', 'bomblance');
INSERT INTO public.weapons_ammunition_connection (weapons_weaponid, ammunitions_ammoid)
VALUES ('bomblance', 'DRAGON_bomblance');
INSERT INTO public.weapons_ammunition_connection (weapons_weaponid, ammunitions_ammoid)
VALUES ('bomblance', 'STEEL_bomblance');
INSERT INTO public.weapons_ammunition_connection (weapons_weaponid, ammunitions_ammoid)
VALUES ('crown_king_auto5', 'buckshot');
INSERT INTO public.weapons_ammunition_connection (weapons_weaponid, ammunitions_ammoid)
VALUES ('crown_king_auto5', 'PENNY_shotgun');
INSERT INTO public.weapons_ammunition_connection (weapons_weaponid, ammunitions_ammoid)
VALUES ('crown_king_auto5', 'SLUG_shotgun');
INSERT INTO public.weapons_ammunition_connection (weapons_weaponid, ammunitions_ammoid)
VALUES ('nitro_express_rifle', 'nitro');
INSERT INTO public.weapons_ammunition_connection (weapons_weaponid, ammunitions_ammoid)
VALUES ('nitro_express_rifle', 'SHREDDER_nitro');
INSERT INTO public.weapons_ammunition_connection (weapons_weaponid, ammunitions_ammoid)
VALUES ('nitro_express_rifle', 'EXPLO_nitro');
  */
